Workbook

Sheet Feuil1
B1: A | C1: B | D1: C | E1: D
A2: 1 | B2: Code produit | C2: Designation | D2: Prix unitaire (DH) | E2: Taux TVA
A3: 2 | B3: P01 | C3: Clavier | D3: 200 | E3: 0.2
A4: 3 | B4: P02 | C4: Souris | D4: 100 | E4: 0.2
A5: 4 | B5: P03 | C5: Ecran | D5: 1200 | E5: 0.14
A6: 5 | B6: P04 | C6: Imprimante | D6: 800 | E6: 0.07
B10: A | C10: B | D10: C | E10: D | F10: E | G10: F | H10: G | I10: H
A11: 10 | B11: Code produit | C11: Designation | D11: Date | E11: Quantite | F11: Prix unitaire | G11: Taux TVA | H11: Montant TTC | I11: Annee de vente
A12: 11 | B12: P01 | C12: =VLOOKUP(B12,$B$1:$C$6,2,FALSE) -> Clavier | D12: 45393 | E12: 2 | F12: =VLOOKUP(B12,$B$1:$D$6,3,FALSE) -> 200 | G12: =VLOOKUP(B12,$B$1:$E$6,4,FALSE) -> 0.2 | H12: =F12*(1+G12) -> 240 | I12: =YEAR(D12) -> 2024
A13: 12 | B13: P02 | C13: =VLOOKUP(B13,$B$1:$C$6,2,FALSE) -> Souris | D13: 45820 | E13: 5 | F13: =VLOOKUP(B13,$B$1:$D$6,3,FALSE) -> 100 | G13: =VLOOKUP(B13,$B$1:$E$6,4,FALSE) -> 0.2 | H13: =F13*(1+G13) -> 120 | I13: =YEAR(D13) -> 2025
A14: 13 | B14: P03 | C14: =VLOOKUP(B14,$B$1:$C$6,2,FALSE) -> Ecran | D14: 45485 | E14: 3 | F14: =VLOOKUP(B14,$B$1:$D$6,3,FALSE) -> 1200 | G14: =VLOOKUP(B14,$B$1:$E$6,4,FALSE) -> 0.14 | H14: =F14*(1+G14) -> 1368 | I14: =YEAR(D14) -> 2024
A15: 14 | B15: P01 | C15: =VLOOKUP(B15,$B$1:$C$6,2,FALSE) -> Clavier | D15: 45940 | E15: 7 | F15: =VLOOKUP(B15,$B$1:$D$6,3,FALSE) -> 200 | G15: =VLOOKUP(B15,$B$1:$E$6,4,FALSE) -> 0.2 | H15: =F15*(1+G15) -> 240 | I15: =YEAR(D15) -> 2025
B17: Ventes 2024 | C17: =SUMIF(I12:I15,2024,H12:H15) -> 1608
B18: Ventes P01 | C18: =SUMIF(B12:B15,"P01",H12:H15) -> 480

Sheet Bulletin
B2: Code massar | C2: R209
B3: Nom | C3: =VLOOKUP(C2,Etudiant!A1:C4,2,FALSE) -> ZATI
B4: Prenom | C4: =VLOOKUP(C2,Etudiant!A1:C4,3,FALSE) -> Khalil
B7: Matiere | C7: Note | D7: Coefficient | E7: Note*Coefficient
B8: Compta de gestion | C8: =VLOOKUP(C2,Notes!A1:E4,2,FALSE) -> 12 | D8: 2 | E8: =C8*D8 -> 24
B9: Digital skills | C9: =VLOOKUP(C2,Notes!A1:E4,3,FALSE) -> 17 | D9: 2 | E9: =C9*D9 -> 34
B10: Anglais | C10: =VLOOKUP(C2,Notes!A1:E4,4,FALSE) -> 12 | D10: 1 | E10: =C10*D10 -> 12
B11: Math fin | C11: =VLOOKUP(C2,Notes!A1:E4,5,FALSE) -> 12 | D11: 3 | E11: =C11*D11 -> 36
B14: Moyenne generale | C14: =SUM(E8:E11)/SUM(D8:D11) -> 13.25
B15: Mention | C15: =_xlfn.IFS(C14>=16,"tres bien",C14>=14,"bien",C14>=12,"A bien",C14>=10,"passable",C14<=10,"ajourne") -> A bien

Sheet Notes
A1: Code Massar | B1: Compta de gestion | C1: Digital skills | D1: Anglais | E1: Math fin
A2: R145 | B2: 14 | C2: 9 | D2: 10 | E2: 7
A3: R209 | B3: 12 | C3: 17 | D3: 12 | E3: 12
A4: R300 | B4: 15 | C4: 12 | D4: 11 | E4: 14

Sheet Etudiant
A1: Code Massar | B1: Nom | C1: Prenom
A2: R145 | B2: NADIR | C2: Mourad
A3: R209 | B3: ZATI | C3: Khalil
A4: R300 | B4: OUADI | C4: Sara
